{"cameraMode":{"drawMode":0,"name":"Shaded","section":"Shading Mode"},"sceneLighting":true,"audioPlay":false,"sceneViewState":{"showFog":true,"showMaterialUpdate":true,"showSkybox":true,"showFlares":true,"showImageEffects":true,"showParticleSystems":true},"in2DMode":false,"pivot":{"x":-2.642597198486328,"y":-9.997352600097657,"z":-0.3019561767578125},"rotation":{"x":-0.003412586636841297,"y":0.9725707769393921,"z":-0.23214681446552277,"w":-0.01429692842066288},"size":42.73194885253906,"orthographic":false}