{"cameraMode":{"drawMode":0,"name":"Shaded","section":"Shading Mode"},"sceneLighting":true,"audioPlay":false,"sceneViewState":{"showFog":true,"showMaterialUpdate":true,"showSkybox":true,"showFlares":true,"showImageEffects":true,"showParticleSystems":true},"in2DMode":false,"pivot":{"x":0.7166751623153687,"y":-0.6562919616699219,"z":-5.130716323852539},"rotation":{"x":-0.003412586636841297,"y":0.9725707769393921,"z":-0.23214681446552277,"w":-0.01429692842066288},"size":10.997626304626465,"orthographic":false}