{"cameraMode":{"drawMode":0,"name":"Shaded","section":"Shading Mode"},"sceneLighting":true,"audioPlay":false,"sceneViewState":{"showFog":true,"showMaterialUpdate":true,"showSkybox":true,"showFlares":true,"showImageEffects":true,"showParticleSystems":true},"in2DMode":false,"pivot":{"x":87.57022857666016,"y":-141.4534454345703,"z":247.46319580078126},"rotation":{"x":0.2415936440229416,"y":0.16068218648433686,"z":-0.04060126096010208,"w":0.9561227560043335},"size":127.02851867675781,"orthographic":false}