{"cameraMode":{"drawMode":0,"name":"Shaded","section":"Shading Mode"},"sceneLighting":true,"audioPlay":false,"sceneViewState":{"showFog":true,"showMaterialUpdate":true,"showSkybox":true,"showFlares":true,"showImageEffects":true,"showParticleSystems":true},"in2DMode":false,"pivot":{"x":0.043856680393218997,"y":2.1151161193847658,"z":0.29533571004867556},"rotation":{"x":0.18049576878547669,"y":0.010327409952878952,"z":-0.001895087189041078,"w":0.9835246801376343},"size":0.9605966210365295,"orthographic":false}