{"cameraMode":{"drawMode":0,"name":"Shaded","section":"Shading Mode"},"sceneLighting":true,"audioPlay":false,"sceneViewState":{"showFog":true,"showMaterialUpdate":false,"showSkybox":true,"showFlares":true,"showImageEffects":true,"showParticleSystems":true},"in2DMode":false,"pivot":{"x":0.021864674985408784,"y":-2.628361225128174,"z":3.6177453994750978},"rotation":{"x":-0.24528051912784577,"y":-0.0023296589497476818,"z":0.0005894368514418602,"w":-0.9694496393203735},"size":8.183533668518067,"orthographic":false}