{"cameraMode":{"drawMode":0,"name":"Shaded","section":"Shading Mode"},"sceneLighting":true,"audioPlay":false,"sceneViewState":{"showFog":true,"showMaterialUpdate":false,"showSkybox":true,"showFlares":true,"showImageEffects":true,"showParticleSystems":true},"in2DMode":false,"pivot":{"x":17.391023635864259,"y":-0.7514400482177734,"z":-4.075557231903076},"rotation":{"x":-0.06300172209739685,"y":-0.7126287817955017,"z":0.06453272700309754,"w":-0.6957207918167114},"size":27.082035064697267,"orthographic":false}