{"cameraMode":{"drawMode":0,"name":"Shaded","section":"Shading Mode"},"sceneLighting":true,"audioPlay":false,"sceneViewState":{"showFog":true,"showMaterialUpdate":true,"showSkybox":true,"showFlares":true,"showImageEffects":true,"showParticleSystems":true},"in2DMode":false,"pivot":{"x":-1.5638704299926758,"y":-5.026575088500977,"z":3.4830169677734377},"rotation":{"x":-0.0033431369811296465,"y":0.9582328796386719,"z":-0.2857504189014435,"w":-0.011210971511900425},"size":109.09700775146485,"orthographic":false}