{"cameraMode":{"drawMode":0,"name":"Shaded","section":"Shading Mode"},"sceneLighting":true,"audioPlay":false,"sceneViewState":{"showFog":true,"showMaterialUpdate":false,"showSkybox":true,"showFlares":true,"showImageEffects":true,"showParticleSystems":true},"in2DMode":false,"pivot":{"x":5.339229583740234,"y":5.985260963439941,"z":-7.0382232666015629},"rotation":{"x":-0.22707587480545045,"y":0.5070700645446777,"z":-0.14050455391407014,"w":-0.8194977641105652},"size":13.333344459533692,"orthographic":false}