{"cameraMode":{"drawMode":0,"name":"Shaded","section":"Shading Mode"},"sceneLighting":true,"audioPlay":false,"sceneViewState":{"showFog":true,"showMaterialUpdate":false,"showSkybox":true,"showFlares":true,"showImageEffects":true,"showParticleSystems":true},"in2DMode":false,"pivot":{"x":0.28762346506118777,"y":0.1504422426223755,"z":1.5324182510375977},"rotation":{"x":-0.03479830548167229,"y":0.015587186440825463,"z":-0.0005428350996226072,"w":-0.9992726445198059},"size":2.572253942489624,"orthographic":false}