{"cameraMode":{"drawMode":0,"name":"Shaded","section":"Shading Mode"},"sceneLighting":true,"audioPlay":false,"sceneViewState":{"showFog":true,"showMaterialUpdate":true,"showSkybox":true,"showFlares":true,"showImageEffects":true,"showParticleSystems":true},"in2DMode":false,"pivot":{"x":-0.36156272888183596,"y":0.981336236000061,"z":-3.741231679916382},"rotation":{"x":-0.008775669150054455,"y":0.7013001441955566,"z":-0.008631984703242779,"w":-0.7127752304077148},"size":10.0,"orthographic":false}