{"cameraMode":{"drawMode":0,"name":"Shaded","section":"Shading Mode"},"sceneLighting":true,"audioPlay":false,"sceneViewState":{"showFog":true,"showMaterialUpdate":false,"showSkybox":true,"showFlares":true,"showImageEffects":true,"showParticleSystems":true},"in2DMode":false,"pivot":{"x":-0.8389394879341126,"y":0.5376043319702148,"z":2.6314172744750978},"rotation":{"x":0.0026903317775577308,"y":-0.003903015051037073,"z":-0.000010531380212341901,"w":-0.9999901652336121},"size":3.399996519088745,"orthographic":false}