{"cameraMode":{"drawMode":0,"name":"Shaded","section":"Shading Mode"},"sceneLighting":true,"audioPlay":false,"sceneViewState":{"showFog":true,"showMaterialUpdate":false,"showSkybox":true,"showFlares":true,"showImageEffects":true,"showParticleSystems":true},"in2DMode":false,"pivot":{"x":0.435361385345459,"y":3.165975570678711,"z":2.0147581100463869},"rotation":{"x":0.04936734959483147,"y":0.27070653438568118,"z":-0.013901421800255776,"w":0.9612996578216553},"size":6.203171730041504,"orthographic":false}