{"cameraMode":{"drawMode":0,"name":"Shaded","section":"Shading Mode"},"sceneLighting":true,"audioPlay":false,"sceneViewState":{"showFog":true,"showMaterialUpdate":false,"showSkybox":true,"showFlares":true,"showImageEffects":true,"showParticleSystems":true},"in2DMode":false,"pivot":{"x":1.6250405311584473,"y":1.6884840726852418,"z":-1.442908525466919},"rotation":{"x":-0.05686800926923752,"y":0.38968369364738467,"z":-0.02411651238799095,"w":-0.9188762307167053},"size":0.399996817111969,"orthographic":false}