{"cameraMode":{"drawMode":0,"name":"Shaded","section":"Shading Mode"},"sceneLighting":true,"audioPlay":false,"sceneViewState":{"showFog":true,"showMaterialUpdate":true,"showSkybox":true,"showFlares":true,"showImageEffects":true,"showParticleSystems":true},"in2DMode":false,"pivot":{"x":10.076169967651368,"y":13.500222206115723,"z":-11.235588073730469},"rotation":{"x":0.146717831492424,"y":0.02849523350596428,"z":-0.004231313243508339,"w":0.9887700080871582},"size":11.629117012023926,"orthographic":false}