{"cameraMode":{"drawMode":0,"name":"Shaded","section":"Shading Mode"},"sceneLighting":true,"audioPlay":false,"sceneViewState":{"showFog":true,"showMaterialUpdate":false,"showSkybox":true,"showFlares":true,"showImageEffects":true,"showParticleSystems":true},"in2DMode":false,"pivot":{"x":0.6602281332015991,"y":1.8999595642089844,"z":-2.936124563217163},"rotation":{"x":-0.11390919983386994,"y":0.05123769864439964,"z":-0.005882508121430874,"w":-0.9921530485153198},"size":4.309485912322998,"orthographic":false}