{"cameraMode":{"drawMode":0,"name":"Shaded","section":"Shading Mode"},"sceneLighting":true,"audioPlay":false,"sceneViewState":{"showFog":true,"showMaterialUpdate":true,"showSkybox":true,"showFlares":true,"showImageEffects":true,"showParticleSystems":true},"in2DMode":false,"pivot":{"x":4.643723011016846,"y":7.4374918937683109,"z":20.19741439819336},"rotation":{"x":0.05810817703604698,"y":-0.9418967962265015,"z":0.23530496656894685,"w":0.23260267078876496},"size":-6.973771095275879,"orthographic":false}