{"cameraMode":{"drawMode":0,"name":"Shaded","section":"Shading Mode"},"sceneLighting":true,"audioPlay":false,"sceneViewState":{"showFog":true,"showMaterialUpdate":true,"showSkybox":true,"showFlares":true,"showImageEffects":true,"showParticleSystems":true},"in2DMode":false,"pivot":{"x":3.7355165481567385,"y":7.310457706451416,"z":-5.3053131103515629},"rotation":{"x":0.15893025696277619,"y":-0.28547027707099917,"z":0.04806272312998772,"w":0.9439062476158142},"size":11.629117012023926,"orthographic":false}